Country,Sector,Gas,Unit,2018,2017,2016,2015,2014,2013,2012,2011,2010,2009,2008,2007,2006,2005,2004,2003,2002,2001,2000,1999,1998,1997,1996,1995,1994,1993,1992,1991,1990
China,Total excluding LUCF,CH4,MTCO2e,1238.63,1239.13,1242.15,1237.52,1206.21,1178.02,1151.1,1106.19,1063.83,1018.91,973.58,921.56,883.36,837.67,829.7,815.91,819.89,824.17,829.61,825.69,813.83,791.73,823.86,798.45,773.65,757.56,751.66,743.07,730.34
Russia,Total excluding LUCF,CH4,MTCO2e,849.57,850.17,852.55,835.56,830.22,825.64,824.27,814.67,801.36,774.47,793.09,791.13,780.69,765.48,752.8,719.38,669.09,642.04,617.06,598.7,597.72,610.38,622.22,639.73,666.92,724.72,780.89,863.52,929.97
India,Total excluding LUCF,CH4,MTCO2e,666.51,661.61,657.69,652.0,653.67,653.53,650.41,653.59,650.14,644.14,650.45,642.98,630.64,621.23,606.52,598.51,589.39,594.7,589.05,584.49,577.29,567.46,560.74,551.49,543.9,539.0,533.31,528.53,522.74
United States,Total excluding LUCF,CH4,MTCO2e,622.59,614.5,609.2,617.17,620.81,618.41,618.15,628.09,649.94,649.37,659.1,645.85,653.14,652.36,654.67,659.47,659.77,672.4,678.65,688.34,702.98,722.83,738.6,745.84,758.52,751.48,768.67,769.82,766.55
Brazil,Total excluding LUCF,CH4,MTCO2e,416.28,421.66,424.8,422.28,416.35,411.88,414.53,412.83,413.33,396.98,391.4,393.31,392.85,397.32,395.48,377.7,361.63,343.44,325.47,322.94,318.14,311.06,304.62,311.55,311.16,305.47,304.56,300.17,285.24
European Union (27),Total excluding LUCF,CH4,MTCO2e,396.8,400.47,403.14,408.01,407.54,412.82,418.96,421.62,431.93,435.51,443.84,448.33,454.4,463.21,472.73,486.1,493.01,505.2,511.5,517.19,523.22,536.94,545.45,549.68,555.69,567.36,579.84,597.94,617.54
Indonesia,Total excluding LUCF,CH4,MTCO2e,287.5,283.94,277.45,269.47,264.09,255.02,251.46,255.27,261.61,265.87,268.72,274.17,279.11,285.56,293.68,298.19,306.86,312.8,321.48,319.4,319.96,318.57,321.11,320.58,317.86,314.13,311.31,301.81,298.41
Pakistan,Total excluding LUCF,CH4,MTCO2e,151.02,147.54,143.28,139.81,136.69,132.76,127.77,125.32,119.25,119.81,116.86,112.11,109.3,102.45,99.59,97.04,93.78,91.1,89.83,88.41,85.89,83.56,81.42,77.77,76.11,74.85,72.64,71.67,70.35
Iran,Total excluding LUCF,CH4,MTCO2e,149.69,146.03,143.25,139.18,139.34,145.34,146.58,147.49,149.42,143.21,136.92,133.54,127.54,121.47,114.99,108.58,102.3,96.6,90.71,88.12,85.24,81.22,77.82,73.81,70.08,68.22,66.46,63.29,62.24
Mexico,Total excluding LUCF,CH4,MTCO2e,144.61,143.31,141.71,140.46,131.15,122.23,122.78,129.5,128.72,132.72,133.99,119.14,112.57,108.6,106.61,107.69,104.99,103.99,105.23,102.95,107.07,104.94,100.68,96.25,95.27,94.68,86.84,87.4,86.8
Australia,Total excluding LUCF,CH4,MTCO2e,139.07,139.81,118.28,133.43,135.19,127.15,166.73,168.82,119.32,131.46,128.53,144.83,147.87,128.8,148.01,127.11,167.17,175.69,167.63,157.13,146.13,144.21,142.11,149.19,150.66,151.83,155.17,155.75,156.04
Nigeria,Total excluding LUCF,CH4,MTCO2e,127.9,126.83,126.91,123.32,121.0,118.32,115.84,111.97,107.05,103.95,104.6,104.14,103.86,102.79,98.38,94.77,91.17,88.06,85.33,91.24,96.98,102.02,106.92,112.56,119.25,117.23,116.08,115.21,113.18
Argentina,Total excluding LUCF,CH4,MTCO2e,117.85,117.57,115.58,114.09,114.18,113.35,111.74,109.13,109.83,117.63,122.47,123.54,122.76,120.63,120.42,119.19,112.74,109.44,109.87,108.72,105.75,107.56,107.26,108.84,108.43,106.96,107.47,105.66,105.85
Uzbekistan,Total excluding LUCF,CH4,MTCO2e,105.93,106.26,106.52,105.12,104.85,104.5,104.44,102.98,102.07,105.5,122.7,119.69,118.62,103.41,100.45,100.96,99.12,98.09,94.64,81.63,75.76,80.02,89.47,87.44,85.42,100.94,68.9,72.14,70.24
Ethiopia,Total excluding LUCF,CH4,MTCO2e,103.11,102.66,100.81,98.52,95.15,91.11,87.23,83.09,82.38,79.11,76.2,73.25,67.28,63.91,61.59,60.53,61.48,55.77,53.51,54.66,54.06,49.78,47.51,44.99,43.62,41.95,44.55,42.23,40.68
Canada,Total excluding LUCF,CH4,MTCO2e,93.98,92.38,90.49,94.85,97.12,95.0,92.55,90.12,90.2,91.74,96.35,99.52,101.44,101.52,103.18,102.21,103.84,105.32,106.91,107.96,109.27,107.15,105.38,101.28,97.44,94.87,92.25,88.22,86.83
Vietnam,Total excluding LUCF,CH4,MTCO2e,87.75,88.65,89.26,89.82,88.85,88.52,87.39,86.7,86.05,84.29,82.37,80.34,78.46,75.53,73.14,70.42,68.0,65.68,64.76,62.8,59.51,56.48,54.18,51.18,48.42,47.53,46.33,44.78,43.19
Thailand,Total excluding LUCF,CH4,MTCO2e,84.14,84.45,76.8,80.78,84.43,88.76,90.18,90.18,90.55,86.84,84.29,83.44,79.8,78.82,76.63,75.97,72.61,73.28,71.67,70.01,66.8,67.5,63.73,62.1,60.95,60.54,60.42,59.24,56.91
Bangladesh,Total excluding LUCF,CH4,MTCO2e,83.79,82.59,80.24,80.9,80.55,79.98,79.55,79.16,78.46,77.31,76.42,73.94,73.27,72.36,70.73,71.05,70.23,68.93,68.94,68.35,66.47,66.92,66.34,66.67,65.94,65.13,65.05,64.46,64.38
Afghanistan,Total excluding LUCF,CH4,MTCO2e,81.51,79.61,78.15,76.59,67.77,58.13,48.78,39.48,30.01,25.43,22.17,18.1,14.89,11.67,11.46,11.48,11.19,9.36,10.59,11.87,11.1,10.6,9.93,9.14,8.96,8.89,8.99,9.07,8.97
Colombia,Total excluding LUCF,CH4,MTCO2e,76.7,74.54,71.92,71.2,70.51,70.26,70.02,71.9,74.19,72.21,71.45,70.31,68.16,67.43,66.89,65.69,64.16,63.47,62.02,61.18,62.5,61.75,61.96,61.0,60.59,59.46,58.36,57.33,57.3
Venezuela,Total excluding LUCF,CH4,MTCO2e,72.34,72.5,73.64,75.77,75.67,75.14,74.38,69.75,69.11,73.88,74.1,74.05,73.88,74.15,74.84,75.93,76.73,78.15,78.91,77.08,75.42,73.61,71.97,70.9,68.76,66.07,64.53,62.41,59.78
Philippines,Total excluding LUCF,CH4,MTCO2e,67.66,67.43,64.99,65.41,65.77,65.61,64.95,63.68,62.45,64.07,63.33,61.87,60.76,60.08,60.24,58.68,58.4,57.92,57.18,56.34,48.91,53.95,54.0,51.68,49.97,46.49,45.22,46.87,45.77
Myanmar,Total excluding LUCF,CH4,MTCO2e,65.79,67.12,67.01,65.94,64.5,63.51,62.74,62.75,64.63,63.67,62.83,62.01,60.64,57.36,54.71,52.75,51.48,50.97,50.0,49.15,45.61,44.9,46.01,46.47,44.91,43.7,41.79,39.61,40.14
Ukraine,Total excluding LUCF,CH4,MTCO2e,62.95,63.65,64.13,64.93,70.37,75.27,79.23,84.48,80.13,80.45,88.83,93.77,94.84,98.38,105.51,116.95,111.49,113.16,117.89,127.53,126.38,132.67,138.72,143.83,155.05,164.3,173.59,184.8,190.63
Tanzania,Total excluding LUCF,CH4,MTCO2e,62.65,61.52,62.49,61.42,57.5,54.4,50.61,47.87,44.27,41.72,40.93,38.62,36.91,37.58,35.5,35.57,32.64,29.75,28.51,29.72,29.05,26.77,26.92,28.12,26.01,25.95,25.66,25.77,25.7
Sudan,Total excluding LUCF,CH4,MTCO2e,58.85,58.41,58.05,57.64,56.72,56.42,55.92,52.45,52.35,53.46,52.37,52.06,49.82,50.78,48.84,47.55,45.89,43.53,45.53,43.39,42.22,40.26,39.05,37.85,36.97,35.04,32.78,30.2,29.27
France,Total excluding LUCF,CH4,MTCO2e,58.34,59.13,59.94,61.04,61.86,62.73,63.11,63.99,65.99,66.36,67.74,67.9,67.97,68.96,70.21,71.53,73.02,75.14,75.36,74.28,74.57,74.57,76.17,77.01,76.69,76.79,76.63,77.37,77.44
Egypt,Total excluding LUCF,CH4,MTCO2e,56.87,56.05,56.31,55.57,55.88,55.67,56.0,55.07,53.53,53.6,54.75,53.7,52.15,50.7,50.5,49.97,49.65,48.26,48.39,45.98,42.59,41.53,38.87,36.65,34.55,32.35,30.13,27.65,24.98
Chad,Total excluding LUCF,CH4,MTCO2e,53.99,52.14,50.26,47.4,44.03,42.3,40.63,38.84,37.09,35.81,35.35,34.72,33.73,33.31,30.3,27.6,24.72,21.65,21.37,19.78,18.57,17.97,17.45,15.84,15.14,14.5,13.92,13.35,9.08
Germany,Total excluding LUCF,CH4,MTCO2e,53.37,54.78,55.52,56.8,57.16,58.31,59.22,58.69,59.92,60.91,63.51,64.32,66.72,70.65,74.53,80.51,84.88,89.1,94.11,98.5,99.14,105.27,108.86,111.9,113.71,118.58,119.24,127.0,131.61
United Arab Emirates,Total excluding LUCF,CH4,MTCO2e,52.96,51.83,50.68,49.54,47.36,45.12,42.87,40.71,38.55,37.94,37.01,36.2,35.39,34.59,32.33,30.16,27.97,25.77,23.58,21.83,20.06,18.3,16.55,14.79,13.04,12.68,12.35,12.02,11.69
United Kingdom,Total excluding LUCF,CH4,MTCO2e,51.21,51.63,52.05,52.15,53.78,56.72,61.44,63.08,65.75,70.63,74.84,79.81,83.52,87.54,92.03,96.66,102.04,104.03,107.46,111.72,117.13,120.74,122.84,124.1,122.3,129.28,130.76,131.08,129.97
Turkmenistan,Total excluding LUCF,CH4,MTCO2e,49.58,49.87,50.03,50.2,46.43,42.65,38.83,34.54,30.88,32.22,33.94,34.76,36.54,37.71,38.92,36.98,34.7,32.49,30.68,28.99,27.43,26.07,25.39,24.15,22.86,24.91,26.66,30.12,32.41
Algeria,Total excluding LUCF,CH4,MTCO2e,49.55,49.46,49.4,49.31,49.23,48.88,48.69,48.38,48.21,48.15,48.07,48.38,48.51,48.61,46.89,45.0,43.16,41.64,39.92,37.15,34.18,31.2,28.45,25.67,22.9,22.85,22.54,22.12,22.07
Poland,Total excluding LUCF,CH4,MTCO2e,47.54,47.24,46.8,47.48,47.09,47.67,47.54,48.08,49.4,49.27,50.58,50.9,51.67,51.52,51.08,51.59,51.29,52.88,51.25,52.44,53.49,55.74,55.93,56.76,58.03,58.74,60.61,62.28,67.02
Turkey,Total excluding LUCF,CH4,MTCO2e,47.4,44.98,44.51,42.46,47.58,45.85,46.61,45.11,43.78,43.82,44.03,42.35,39.9,38.49,37.14,37.05,37.34,37.96,38.8,38.14,37.25,37.72,36.95,37.03,37.03,37.61,37.75,37.08,38.23
Malaysia,Total excluding LUCF,CH4,MTCO2e,46.58,46.46,46.25,46.06,45.35,44.8,43.89,43.31,42.72,42.27,41.54,41.02,40.09,39.45,38.6,37.61,36.69,35.81,35.19,34.35,33.67,32.96,32.11,31.33,30.66,29.62,28.69,27.86,27.25
South Africa,Total excluding LUCF,CH4,MTCO2e,45.14,44.99,44.46,44.56,44.6,44.26,44.22,43.58,43.36,42.49,41.76,40.9,39.67,39.72,38.06,37.52,37.23,34.04,35.76,37.72,39.71,41.1,42.65,43.86,45.6,45.49,45.53,45.21,44.49
Saudi Arabia,Total excluding LUCF,CH4,MTCO2e,44.17,43.37,42.57,41.77,40.68,39.75,38.5,42.07,45.48,43.95,42.9,41.89,40.6,39.44,38.13,36.7,35.43,34.16,32.86,31.46,30.29,29.05,27.73,26.39,25.05,23.66,22.29,20.89,19.5
Italy,Total excluding LUCF,CH4,MTCO2e,43.67,44.34,44.68,45.01,45.09,45.96,47.92,47.07,49.28,49.12,49.33,49.12,49.13,50.19,50.26,51.42,52.0,51.9,53.84,53.17,53.33,53.76,53.39,52.86,53.18,52.98,53.51,53.52,54.56
Azerbaijan,Total excluding LUCF,CH4,MTCO2e,43.6,44.23,44.82,45.43,46.58,47.74,48.88,50.03,51.22,45.93,40.64,35.33,30.04,24.67,23.32,21.96,20.56,19.2,17.78,16.94,16.08,15.21,14.32,13.5,13.8,14.28,14.83,15.84,16.39
Kazakhstan,Total excluding LUCF,CH4,MTCO2e,41.36,43.29,40.06,40.44,41.45,41.0,41.64,40.78,41.49,36.56,39.19,36.08,36.15,33.63,33.84,31.79,32.26,29.17,26.66,23.85,27.33,29.97,33.61,37.69,43.71,45.61,48.82,54.14,52.97
Kenya,Total excluding LUCF,CH4,MTCO2e,40.25,38.63,40.48,37.9,37.0,36.13,36.19,35.93,34.76,34.35,35.28,34.59,23.68,23.84,24.35,23.15,22.03,21.28,21.28,22.4,21.09,20.53,20.29,21.02,21.05,20.93,20.96,21.0,21.66
Spain,Total excluding LUCF,CH4,MTCO2e,39.94,39.6,39.26,39.21,37.66,38.08,38.66,39.22,39.45,40.93,39.35,40.87,40.1,40.54,40.74,40.98,40.83,40.43,39.69,38.98,38.32,37.83,36.12,35.28,34.85,34.43,34.83,34.34,34.23
Democratic Republic of the Congo,Total excluding LUCF,CH4,MTCO2e,38.62,38.83,37.79,37.36,35.98,35.32,33.7,32.7,32.55,31.54,31.1,29.84,30.92,30.17,30.15,29.04,27.58,24.89,23.82,23.71,24.56,24.17,24.34,26.87,26.78,26.32,25.9,25.31,24.92
Libya,Total excluding LUCF,CH4,MTCO2e,37.79,33.84,29.89,25.91,37.72,49.52,61.3,73.1,84.89,84.28,83.68,83.13,82.51,81.84,79.34,76.82,74.32,71.86,69.39,69.32,69.23,68.95,68.82,68.56,68.36,68.2,68.07,67.94,67.79
Angola,Total excluding LUCF,CH4,MTCO2e,35.52,37.45,37.4,37.18,36.7,37.42,37.11,38.1,37.73,35.59,34.16,33.61,31.18,31.11,30.26,29.28,26.22,24.24,23.0,22.33,23.13,21.47,21.36,22.46,22.18,21.77,21.47,21.03,20.61
South Sudan,Total excluding LUCF,CH4,MTCO2e,34.17,32.78,33.82,33.2,36.38,39.38,43.23,44.6,48.07,47.62,45.97,44.74,42.43,41.91,39.56,37.57,35.37,32.8,32.62,29.67,27.25,24.4,21.96,19.53,19.08,18.05,16.84,15.45,14.98
Uganda,Total excluding LUCF,CH4,MTCO2e,33.25,32.77,32.09,30.98,29.74,28.72,28.07,26.65,26.08,24.55,23.8,19.22,17.36,17.41,16.42,16.24,15.19,14.67,14.32,13.79,13.62,12.69,11.89,11.26,10.66,10.77,10.49,10.29,9.96
New Zealand,Total excluding LUCF,CH4,MTCO2e,32.53,32.63,32.81,32.81,33.67,33.37,33.55,33.19,33.35,33.33,32.95,33.47,33.83,33.57,33.62,33.69,33.61,32.88,32.59,33.15,32.75,33.34,33.26,33.54,32.77,31.84,31.93,32.23,32.83
Peru,Total excluding LUCF,CH4,MTCO2e,31.41,31.11,30.92,30.6,30.27,30.11,29.92,29.55,29.33,29.11,28.61,28.15,27.74,27.73,26.65,26.68,26.35,25.8,25.58,24.68,22.85,21.63,20.69,19.64,18.26,17.13,17.03,17.05,17.24
Nepal,Total excluding LUCF,CH4,MTCO2e,30.8,30.51,29.72,29.43,29.07,28.39,27.89,26.95,26.05,25.74,25.13,24.37,24.13,23.71,23.32,22.88,22.45,22.07,21.84,21.21,20.52,19.85,19.21,18.49,17.57,17.2,16.52,16.72,16.63
Niger,Total excluding LUCF,CH4,MTCO2e,29.86,28.69,27.62,26.52,25.14,23.69,22.2,20.84,19.55,19.67,18.82,18.03,17.23,16.57,15.98,15.35,14.76,14.22,13.66,13.08,12.56,12.09,11.6,11.11,10.68,10.27,9.8,9.42,9.04
Paraguay,Total excluding LUCF,CH4,MTCO2e,29.07,30.1,29.4,29.62,29.86,28.47,27.92,26.68,26.15,25.03,23.41,23.82,22.57,22.31,21.52,22.67,21.22,21.86,20.8,21.06,20.78,20.5,20.25,20.51,19.31,18.36,17.17,16.65,17.51
South Korea,Total excluding LUCF,CH4,MTCO2e,25.53,25.6,25.77,25.96,26.17,26.68,26.86,26.63,26.78,26.23,26.17,26.18,26.46,26.42,26.3,27.14,27.07,26.94,26.43,26.46,26.62,28.32,28.01,27.43,27.66,27.8,28.26,28.9,29.17
Bolivia,Total excluding LUCF,CH4,MTCO2e,25.05,24.87,24.83,24.16,23.42,23.66,23.2,22.71,23.0,21.24,20.76,20.52,20.3,20.39,19.44,18.16,17.96,16.45,16.42,16.26,15.75,15.37,15.14,15.26,15.1,14.41,13.77,13.11,12.54
Romania,Total excluding LUCF,CH4,MTCO2e,23.78,24.13,24.47,25.11,25.38,25.49,25.65,25.49,27.23,27.92,29.28,29.44,30.91,31.68,32.36,33.45,33.64,34.92,32.95,32.13,33.02,35.48,37.11,37.08,37.69,37.25,40.27,44.82,51.66
Mali,Total excluding LUCF,CH4,MTCO2e,23.29,22.53,22.06,20.25,19.58,19.32,18.68,18.23,17.86,16.68,16.66,15.9,15.29,15.36,14.78,13.62,13.05,12.78,12.84,12.28,11.39,10.65,10.34,9.67,9.43,9.25,9.13,9.11,9.14
Central African Republic,Total excluding LUCF,CH4,MTCO2e,23.2,22.81,23.34,22.24,21.46,21.05,19.82,20.57,19.25,17.82,19.58,18.64,18.02,17.54,17.11,18.45,16.08,17.23,19.15,17.67,18.72,17.71,17.56,16.52,16.36,16.19,16.08,15.97,15.68
Ghana,Total excluding LUCF,CH4,MTCO2e,21.35,20.85,20.23,19.54,18.05,16.84,15.23,14.3,12.56,12.06,11.9,11.54,11.48,11.54,10.49,10.58,9.96,9.7,9.64,8.67,9.05,8.34,7.7,7.34,7.01,6.71,6.39,6.25,5.86
Japan,Total excluding LUCF,CH4,MTCO2e,21.11,21.22,21.44,21.9,22.58,23.13,23.43,23.77,24.93,25.25,25.73,26.38,26.74,27.12,27.47,27.57,28.06,28.87,30.12,30.74,31.28,32.75,33.49,34.97,36.16,36.46,37.07,37.18,37.85
Uruguay,Total excluding LUCF,CH4,MTCO2e,20.94,21.37,21.69,21.58,21.58,21.25,21.12,21.68,21.42,22.47,22.87,22.38,22.85,22.11,21.94,21.36,20.84,20.1,20.1,20.48,20.32,20.79,21.08,20.82,20.92,20.73,20.05,19.08,18.24
Ecuador,Total excluding LUCF,CH4,MTCO2e,20.35,20.69,20.51,20.36,20.84,21.74,21.53,21.37,21.35,21.05,20.18,20.0,20.12,19.72,19.75,18.86,18.59,17.9,16.82,18.0,17.66,18.41,17.79,17.37,17.09,16.49,15.79,14.74,14.58
Cambodia,Total excluding LUCF,CH4,MTCO2e,20.31,20.47,20.16,19.71,19.83,20.02,20.0,20.38,19.44,19.26,18.84,18.66,18.36,17.48,16.22,16.44,15.21,14.92,14.85,15.71,14.87,14.95,14.8,14.8,12.86,14.0,13.21,12.82,13.12
Somalia,Total excluding LUCF,CH4,MTCO2e,19.43,19.4,19.49,19.49,19.42,19.28,19.19,18.96,18.81,18.66,18.61,18.56,19.22,20.02,19.71,19.48,19.31,19.04,18.65,18.45,18.22,18.13,17.77,17.37,16.92,15.7,14.42,15.69,17.57
North Korea,Total excluding LUCF,CH4,MTCO2e,18.71,18.65,18.51,18.39,18.46,18.39,18.31,18.11,17.89,17.3,16.7,16.17,15.59,15.0,15.34,15.73,16.09,15.83,15.44,16.96,18.25,19.64,20.99,22.73,24.26,25.78,27.33,28.86,30.55
Zambia,Total excluding LUCF,CH4,MTCO2e,17.87,17.45,17.85,18.01,17.53,17.42,16.9,15.05,15.34,14.29,14.82,14.73,14.48,15.52,14.85,14.8,13.7,12.67,12.34,12.83,13.48,12.6,12.45,13.26,13.44,13.66,13.86,13.89,13.85
Mongolia,Total excluding LUCF,CH4,MTCO2e,17.86,17.95,17.01,16.01,14.39,12.57,11.68,10.39,9.05,11.1,10.83,10.62,9.32,8.37,7.62,7.97,7.95,9.78,11.42,11.26,10.83,10.53,9.98,9.41,8.75,8.89,9.01,9.2,8.92
Guinea,Total excluding LUCF,CH4,MTCO2e,17.83,17.67,17.46,16.17,15.84,15.37,14.93,14.0,13.15,11.34,10.97,10.64,10.39,10.18,9.41,9.33,9.2,8.59,8.21,7.83,7.89,7.38,7.18,7.4,7.13,6.86,6.62,6.4,6.18
Morocco,Total excluding LUCF,CH4,MTCO2e,17.67,17.39,17.2,16.98,16.66,16.22,15.77,15.46,14.81,14.33,14.03,13.65,13.43,13.02,12.85,12.55,12.27,12.17,12.03,11.67,11.32,11.3,10.88,10.51,10.52,10.26,11.05,11.21,11.38
Madagascar,Total excluding LUCF,CH4,MTCO2e,17.47,16.52,17.81,17.28,17.39,17.09,18.41,17.89,18.4,18.49,18.19,18.83,18.21,18.79,16.73,17.2,16.13,17.03,17.83,18.03,18.17,17.7,17.68,17.64,17.49,17.76,17.4,17.13,17.12
Netherlands,Total excluding LUCF,CH4,MTCO2e,17.26,17.96,18.83,19.0,18.7,18.88,18.89,19.3,19.91,19.94,20.19,19.73,19.55,20.13,21.4,21.88,22.68,23.76,24.4,25.5,26.59,27.53,28.99,29.63,30.25,30.98,31.56,32.04,31.7
Mozambique,Total excluding LUCF,CH4,MTCO2e,16.85,15.83,15.59,16.1,16.36,15.85,15.08,14.11,14.25,13.25,14.38,13.85,13.1,13.6,12.4,12.56,12.45,11.38,10.21,10.81,11.2,10.17,10.82,10.9,10.81,10.77,10.7,10.64,10.6
Ireland,Total excluding LUCF,CH4,MTCO2e,16.82,16.77,16.49,15.86,15.58,15.24,14.84,14.4,14.39,14.89,15.16,15.4,16.06,16.1,16.58,17.52,16.95,17.05,16.97,16.48,16.43,16.0,16.0,16.01,15.96,15.93,15.8,15.75,15.46
Iraq,Total excluding LUCF,CH4,MTCO2e,16.75,16.34,15.84,15.36,16.17,15.74,15.59,15.04,14.38,14.04,13.09,12.73,12.28,11.87,11.26,10.83,11.4,11.14,11.05,10.76,10.51,9.99,9.3,9.68,9.84,9.7,9.05,8.55,9.61
Belarus,Total excluding LUCF,CH4,MTCO2e,16.73,16.72,16.55,16.98,16.7,16.59,15.89,15.61,15.93,15.48,15.41,14.56,14.15,13.79,14.06,13.62,13.53,13.73,13.97,14.4,14.56,14.63,14.85,15.12,15.93,16.74,17.6,19.66,20.09
Burkina Faso,Total excluding LUCF,CH4,MTCO2e,15.6,15.59,15.38,14.69,14.49,14.2,13.81,13.75,13.5,12.89,12.45,12.05,11.76,11.82,11.47,11.11,9.05,8.68,8.95,8.44,8.34,8.33,8.08,8.11,7.87,7.67,7.52,7.33,7.11
Cameroon,Total excluding LUCF,CH4,MTCO2e,14.96,14.8,14.76,14.62,14.22,14.04,13.55,13.08,12.96,12.49,12.56,12.94,12.84,13.19,12.32,12.96,12.17,12.17,12.53,11.48,11.01,10.24,9.79,9.46,9.22,9.16,9.11,9.04,9.03
Bahrain,Total excluding LUCF,CH4,MTCO2e,14.85,14.54,14.24,13.93,13.47,13.01,12.54,12.08,11.62,11.07,10.52,9.98,9.43,8.88,8.58,8.28,7.99,7.68,7.38,6.73,6.08,5.43,4.79,4.14,3.5,3.38,3.31,3.24,3.17
Chile,Total excluding LUCF,CH4,MTCO2e,13.48,13.11,13.0,12.85,13.22,13.05,14.08,13.87,13.79,13.7,13.54,13.36,13.53,13.76,13.88,13.92,14.06,14.26,14.46,14.37,14.28,14.02,13.62,13.35,13.07,12.84,12.54,12.33,12.22
Syria,Total excluding LUCF,CH4,MTCO2e,12.77,12.82,12.9,12.92,16.53,20.16,23.76,27.34,30.44,30.86,31.07,31.66,31.47,31.24,31.6,31.89,32.29,32.82,33.84,34.01,34.26,34.07,34.03,33.98,31.96,29.95,28.74,26.97,25.06
Cuba,Total excluding LUCF,CH4,MTCO2e,12.69,12.6,12.98,12.78,13.28,13.35,13.33,13.36,13.06,13.18,12.55,12.28,12.19,11.9,12.43,12.77,12.55,12.41,12.54,12.57,12.9,12.89,12.93,11.8,11.49,11.17,12.14,12.27,12.63
Czech Republic,Total excluding LUCF,CH4,MTCO2e,12.43,12.43,12.44,12.73,12.72,12.79,13.59,13.75,13.78,13.58,13.92,13.83,14.28,14.05,13.68,14.1,14.19,14.75,15.02,15.89,16.81,17.56,17.96,18.14,18.68,19.88,20.88,22.39,23.9
Serbia,Total excluding LUCF,CH4,MTCO2e,12.4,12.43,12.4,12.49,12.37,12.12,12.03,11.93,11.85,11.67,11.56,11.4,11.07,10.84,11.41,11.56,11.74,11.97,12.34,13.21,13.78,13.83,13.86,13.84,13.46,13.59,13.57,14.68,14.86
Equatorial Guinea,Total excluding LUCF,CH4,MTCO2e,12.23,12.73,13.24,13.75,14.22,14.69,15.16,15.64,16.11,16.36,16.6,16.85,17.1,17.34,15.45,13.56,11.66,9.77,7.87,6.37,4.87,3.37,1.87,0.37,0.32,0.27,0.22,0.17,0.12
Israel,Total excluding LUCF,CH4,MTCO2e,12.07,11.89,11.73,11.58,10.9,10.23,9.55,8.88,8.21,8.24,8.08,8.0,7.85,7.48,6.9,6.41,7.71,9.05,10.36,10.29,10.21,10.13,10.07,9.76,9.48,9.18,8.9,8.61,8.35
Zimbabwe,Total excluding LUCF,CH4,MTCO2e,11.85,11.56,11.38,11.79,10.82,11.7,11.73,11.82,11.31,10.84,10.43,10.3,10.06,10.38,10.51,10.37,10.64,11.48,11.37,11.51,11.12,10.54,10.52,9.18,8.89,8.22,9.75,9.15,10.05
Guatemala,Total excluding LUCF,CH4,MTCO2e,11.75,11.66,11.54,11.36,11.13,10.84,10.67,10.49,10.45,10.2,9.83,9.59,9.16,9.1,8.73,8.57,8.67,8.42,8.15,7.91,7.49,7.25,6.97,6.75,6.63,6.64,6.3,5.95,5.75
Portugal,Total excluding LUCF,CH4,MTCO2e,11.32,11.51,11.38,11.44,11.41,11.43,11.63,11.88,11.57,11.64,11.82,12.27,12.41,12.58,12.98,12.85,12.56,12.33,12.54,12.54,12.46,12.22,12.04,11.9,11.69,11.29,11.32,11.23,11.14
Papua New Guinea,Total excluding LUCF,CH4,MTCO2e,11.31,11.19,11.13,11.2,10.24,9.28,8.4,7.48,6.59,6.57,6.54,6.53,6.6,6.53,6.85,6.96,7.13,7.22,7.35,7.56,7.75,8.01,8.12,8.36,7.33,6.31,5.28,4.26,3.27
Malawi,Total excluding LUCF,CH4,MTCO2e,11.02,10.53,10.33,10.05,9.42,8.86,8.32,7.73,7.19,7.16,7.28,7.28,7.33,7.48,7.12,6.88,6.52,6.19,5.93,5.75,5.68,5.46,5.4,5.28,5.03,6.0,6.87,7.76,8.64
Senegal,Total excluding LUCF,CH4,MTCO2e,10.75,10.78,10.64,10.22,10.11,10.14,9.79,9.95,9.74,9.39,9.33,8.94,9.16,8.88,8.61,8.01,8.24,8.57,8.81,8.35,7.89,7.97,7.98,7.66,7.55,7.37,7.18,7.01,6.83
Sri Lanka,Total excluding LUCF,CH4,MTCO2e,10.03,9.11,9.9,9.65,9.22,10.09,9.76,9.64,9.45,8.98,9.16,8.46,8.61,8.56,7.88,8.22,7.83,7.61,7.69,9.94,11.72,14.59,16.7,19.47,19.28,19.17,18.71,18.23,18.4
Nicaragua,Total excluding LUCF,CH4,MTCO2e,9.83,9.51,9.68,9.69,9.38,9.01,8.63,8.37,7.78,7.62,7.54,7.48,7.46,7.39,7.08,7.27,6.93,6.8,6.74,6.49,5.61,5.68,5.23,5.32,5.95,5.9,5.34,4.89,5.88
Greece,Total excluding LUCF,CH4,MTCO2e,9.67,9.46,9.4,9.72,9.89,10.02,10.37,10.52,10.73,10.53,10.84,10.91,10.94,10.87,10.9,10.71,10.68,10.66,11.44,11.34,11.4,11.19,11.24,11.04,10.97,10.77,10.69,10.59,10.69
Dominican Republic,Total excluding LUCF,CH4,MTCO2e,9.2,9.1,8.98,8.89,8.88,8.83,8.78,8.77,8.7,8.55,8.25,8.05,7.35,7.25,7.45,6.95,7.03,6.83,6.5,6.66,7.09,7.29,7.51,7.6,7.82,7.5,6.89,6.75,6.11
Brunei,Total excluding LUCF,CH4,MTCO2e,8.83,9.05,9.26,9.48,9.6,9.72,9.85,9.97,10.09,10.58,11.07,11.57,12.06,12.55,12.47,12.38,12.3,12.22,12.13,11.82,11.5,11.19,10.87,10.55,10.42,10.28,10.15,10.01,9.87
Yemen,Total excluding LUCF,CH4,MTCO2e,8.59,8.21,8.15,8.2,8.27,8.21,8.15,8.12,8.02,7.87,7.68,7.45,7.2,7.02,6.89,6.76,6.29,6.16,5.92,5.49,5.08,4.61,4.16,3.73,3.64,3.62,3.53,3.43,3.52
Belgium,Total excluding LUCF,CH4,MTCO2e,8.2,8.18,8.45,8.54,8.54,8.63,8.84,9.01,9.26,9.37,9.45,9.64,9.86,10.0,10.27,10.4,11.07,11.6,12.12,12.6,12.53,12.78,12.98,13.11,12.98,12.95,13.14,13.32,13.23
Honduras,Total excluding LUCF,CH4,MTCO2e,8.15,8.01,7.97,7.85,7.85,7.77,7.65,7.62,7.53,7.45,7.19,7.05,6.96,7.04,6.76,6.79,6.07,5.66,5.48,5.68,6.35,6.83,7.25,7.58,7.73,7.33,7.65,7.6,7.53
Qatar,Total excluding LUCF,CH4,MTCO2e,8.11,8.08,7.89,7.69,7.18,6.82,6.39,5.97,5.54,5.1,4.63,4.19,3.55,3.1,2.95,2.77,2.58,2.4,2.26,2.17,2.08,2.0,1.91,1.82,1.74,1.65,1.55,1.46,1.37
Laos,Total excluding LUCF,CH4,MTCO2e,7.61,7.82,7.85,7.58,7.4,7.25,7.26,6.71,6.93,6.56,6.33,6.19,5.98,5.95,6.06,5.85,5.72,5.63,5.45,5.29,5.41,5.8,5.69,5.76,5.85,5.64,5.71,5.59,5.78
Denmark,Total excluding LUCF,CH4,MTCO2e,7.14,7.09,7.17,7.18,7.21,7.34,7.47,7.62,7.78,7.57,7.8,8.03,8.02,8.14,8.32,8.55,8.64,8.89,8.65,8.74,8.95,8.96,9.07,9.03,8.96,9.11,8.97,8.98,8.86
Hungary,Total excluding LUCF,CH4,MTCO2e,7.12,7.14,7.2,7.21,7.29,7.46,7.64,7.78,7.95,7.99,8.01,8.12,8.23,8.38,8.61,9.03,8.77,8.87,8.95,8.8,8.73,8.93,9.03,8.81,9.43,9.96,10.49,11.68,11.74
Bulgaria,Total excluding LUCF,CH4,MTCO2e,6.91,7.03,7.09,7.38,7.47,7.49,7.75,8.04,7.78,7.94,8.29,8.57,8.49,8.88,9.31,9.83,9.43,9.96,10.57,10.65,11.05,11.54,12.08,12.02,11.73,13.52,14.82,15.36,16.39
Mauritania,Total excluding LUCF,CH4,MTCO2e,6.83,6.86,7.04,6.7,6.63,6.44,6.31,6.16,6.12,5.79,5.4,5.8,5.82,5.61,5.53,5.59,5.48,5.42,5.35,5.15,4.88,4.69,4.48,4.24,4.21,4.27,4.12,4.2,4.04
Austria,Total excluding LUCF,CH4,MTCO2e,6.66,6.74,6.8,6.88,6.95,7.11,7.25,7.41,7.58,7.6,7.79,7.88,8.06,8.23,8.44,8.53,8.69,8.8,8.94,9.17,9.31,9.59,9.89,10.12,10.61,10.99,11.32,11.51,11.57
CÃ´te d'Ivoire,Total excluding LUCF,CH4,MTCO2e,6.56,6.54,6.91,6.28,6.16,6.56,6.28,7.54,8.78,10.24,11.72,13.31,14.67,16.2,16.8,18.86,20.3,21.38,22.5,22.75,23.11,23.45,23.73,24.32,24.58,19.35,14.32,9.15,3.96
Tunisia,Total excluding LUCF,CH4,MTCO2e,6.42,6.33,6.29,6.3,6.37,6.39,6.43,6.55,6.63,6.65,6.59,6.67,6.62,6.54,6.41,6.34,6.38,6.34,6.28,5.92,5.59,5.25,5.06,4.61,4.35,4.45,4.29,4.29,4.14
Jordan,Total excluding LUCF,CH4,MTCO2e,6.3,6.16,6.05,5.79,5.64,5.44,5.26,5.11,4.94,4.8,4.75,4.51,4.3,4.2,4.05,3.95,3.84,3.72,3.63,4.73,5.75,6.84,7.93,9.0,10.03,9.7,9.26,8.74,8.24
Liberia,Total excluding LUCF,CH4,MTCO2e,6.21,6.14,6.07,6.04,5.48,4.96,4.47,3.97,3.47,3.43,3.17,3.03,2.89,2.74,2.67,2.6,2.51,2.44,2.37,2.28,2.18,2.07,1.94,1.85,1.99,2.13,2.29,2.43,2.59
Kuwait,Total excluding LUCF,CH4,MTCO2e,6.08,5.97,5.87,5.76,5.56,5.34,5.12,4.92,4.72,4.71,4.68,4.65,4.62,4.6,4.45,4.32,4.16,3.98,3.87,3.82,3.77,3.73,3.69,3.64,3.39,3.14,2.88,2.65,2.47
Benin,Total excluding LUCF,CH4,MTCO2e,5.53,5.42,5.38,5.22,5.09,5.08,4.84,4.71,4.52,4.38,4.2,4.2,4.02,4.06,3.64,3.61,3.63,3.32,3.68,3.39,3.5,3.36,3.27,2.92,3.07,2.89,2.86,2.8,2.7
Tajikistan,Total excluding LUCF,CH4,MTCO2e,5.52,5.49,5.4,5.24,5.02,4.92,4.74,4.5,4.34,4.31,4.09,3.66,3.57,3.43,3.23,3.14,2.98,2.95,2.87,2.85,2.96,3.13,3.16,3.41,3.65,4.1,4.37,4.88,4.96
Oman,Total excluding LUCF,CH4,MTCO2e,5.46,5.4,5.34,5.28,5.13,4.98,4.64,4.49,4.34,4.2,4.07,3.95,3.82,3.69,3.7,3.74,3.76,3.8,3.82,3.73,3.6,3.49,3.38,3.28,3.15,3.01,2.87,2.74,2.6
Panama,Total excluding LUCF,CH4,MTCO2e,5.39,5.26,5.23,5.14,5.17,5.22,5.14,5.06,4.86,4.76,4.64,4.44,4.42,4.32,4.17,4.14,4.1,4.01,3.67,3.83,3.98,4.08,4.34,4.5,4.6,4.51,4.44,4.34,4.27
Timor-Leste,Total excluding LUCF,CH4,MTCO2e,5.28,5.52,5.79,6.0,6.08,6.2,6.38,6.46,6.58,6.28,5.99,5.63,5.34,4.99,4.03,3.27,2.39,1.52,0.49,0.43,0.52,0.5,0.51,0.48,0.46,0.41,0.39,0.39,0.33
Georgia,Total excluding LUCF,CH4,MTCO2e,5.21,5.31,5.38,5.41,5.7,5.71,5.74,5.67,5.71,5.73,5.8,5.88,6.02,6.07,6.49,6.77,6.41,6.41,7.4,7.37,7.35,7.38,7.35,7.28,8.38,9.8,11.77,14.27,16.22
Kyrgyzstan,Total excluding LUCF,CH4,MTCO2e,4.99,4.88,4.8,4.71,4.64,4.49,4.36,4.26,4.15,4.09,3.89,3.8,3.74,3.68,3.79,3.59,3.72,3.67,3.58,3.53,3.65,3.84,3.85,4.06,4.53,5.93,6.94,7.8,7.59
Norway,Total excluding LUCF,CH4,MTCO2e,4.85,4.93,4.99,5.07,5.16,5.1,5.13,5.21,5.32,5.29,5.31,5.49,5.41,5.52,5.77,5.78,5.71,5.88,5.85,5.76,5.96,6.16,6.13,6.09,6.13,6.07,6.0,5.9,5.85
Costa Rica,Total excluding LUCF,CH4,MTCO2e,4.82,4.87,4.81,4.64,4.59,4.57,4.49,4.55,4.43,4.37,4.3,4.13,3.92,3.94,3.81,3.87,3.92,3.98,4.04,4.02,4.03,3.9,3.85,3.85,4.14,4.39,4.33,4.32,4.29
Switzerland,Total excluding LUCF,CH4,MTCO2e,4.79,4.83,4.86,4.9,4.96,5.0,5.06,5.11,5.18,5.19,5.29,5.25,5.3,5.3,5.29,5.36,5.48,5.53,5.48,5.55,5.68,5.76,5.96,6.0,6.06,6.11,6.25,6.34,6.45
Haiti,Total excluding LUCF,CH4,MTCO2e,4.73,4.7,4.67,4.59,4.54,4.53,4.49,4.46,4.42,4.38,4.34,4.32,4.27,4.26,4.22,4.21,4.17,4.13,4.09,3.86,3.8,3.76,3.61,3.56,3.51,3.51,3.62,3.24,3.07
Sierra Leone,Total excluding LUCF,CH4,MTCO2e,4.61,4.74,4.8,4.59,4.59,4.36,4.48,3.89,3.61,3.68,3.48,3.77,4.29,3.58,3.42,3.12,2.7,2.44,2.06,2.1,2.22,2.26,2.24,2.6,2.7,2.74,2.67,2.67,2.7
Sweden,Total excluding LUCF,CH4,MTCO2e,4.58,4.72,4.77,4.84,5.04,5.18,5.29,5.46,5.62,5.74,5.9,6.2,6.48,6.65,6.88,6.87,7.08,7.31,7.44,7.66,7.9,8.1,8.18,8.2,8.35,8.47,8.54,8.42,8.45
Botswana,Total excluding LUCF,CH4,MTCO2e,4.56,5.28,3.87,4.26,4.43,5.83,6.32,12.19,10.02,4.56,8.78,4.59,5.51,4.52,3.97,3.71,7.08,7.09,6.15,6.26,6.24,6.63,6.85,6.18,5.68,5.4,5.56,5.74,6.05
Namibia,Total excluding LUCF,CH4,MTCO2e,4.51,4.96,4.97,4.61,4.72,5.09,8.54,7.81,5.53,5.88,4.53,5.35,5.69,5.21,4.81,4.64,4.36,4.88,5.08,4.63,4.57,4.23,4.3,4.43,4.44,4.46,4.61,4.69,4.57
Slovakia,Total excluding LUCF,CH4,MTCO2e,4.36,4.36,4.38,4.32,4.21,4.45,4.29,4.77,4.64,4.54,4.78,4.7,4.83,5.03,5.14,5.13,5.2,5.28,5.4,5.7,5.92,6.04,6.23,6.15,6.31,6.74,7.27,7.69,7.85
Finland,Total excluding LUCF,CH4,MTCO2e,4.24,4.34,4.47,4.6,4.67,4.81,4.94,4.99,5.15,5.12,5.23,5.36,5.54,5.49,5.78,6.03,6.29,6.57,6.76,7.1,7.3,7.57,7.7,7.82,8.05,8.15,8.18,8.25,8.34
Singapore,Total excluding LUCF,CH4,MTCO2e,4.15,4.05,3.94,3.84,3.7,3.56,3.42,3.28,3.14,2.96,2.79,2.61,2.44,2.26,2.15,2.04,1.93,1.82,1.71,1.67,1.63,1.59,1.54,1.5,1.44,1.38,1.32,1.26,1.26
El Salvador,Total excluding LUCF,CH4,MTCO2e,3.99,3.98,4.03,4.15,4.18,3.94,4.28,4.11,4.41,4.54,4.62,4.56,4.45,4.34,4.3,4.24,4.29,4.11,3.82,3.9,3.72,3.84,3.96,3.66,3.82,3.66,3.68,3.59,3.48
Croatia,Total excluding LUCF,CH4,MTCO2e,3.82,3.76,3.74,3.72,3.63,3.63,3.73,3.79,3.79,3.81,3.75,3.78,3.74,3.62,3.65,3.51,3.4,3.38,3.3,3.38,3.34,3.37,3.4,3.45,3.54,3.68,3.72,3.99,4.11
Eritrea,Total excluding LUCF,CH4,MTCO2e,3.73,3.7,3.69,3.64,3.61,3.59,3.55,3.51,3.36,3.46,3.46,3.45,3.26,3.37,3.35,3.33,3.26,3.31,3.52,3.47,3.37,3.21,2.84,2.54,2.47,2.34,2.67,2.55,2.46
Republic of Congo,Total excluding LUCF,CH4,MTCO2e,3.54,3.45,3.43,3.36,3.14,3.3,3.18,3.22,3.14,2.8,2.75,2.62,2.61,2.44,2.18,2.06,1.61,1.33,1.23,1.29,1.25,1.2,1.14,1.69,1.66,1.69,1.71,1.73,1.75
Togo,Total excluding LUCF,CH4,MTCO2e,3.45,3.41,3.37,3.46,3.25,3.31,3.18,3.26,3.02,3.05,2.99,2.88,3.01,3.21,2.72,2.78,2.67,2.49,2.53,2.38,2.44,2.15,1.94,1.91,1.91,1.88,1.86,1.95,2.03
Bosnia and Herzegovina,Total excluding LUCF,CH4,MTCO2e,3.38,3.42,3.46,3.48,3.47,3.78,3.78,3.86,3.79,4.0,3.9,3.81,3.64,3.46,3.36,3.18,2.95,3.58,3.58,3.42,3.26,2.96,2.51,2.23,2.45,2.45,3.25,4.95,5.05
Moldova,Total excluding LUCF,CH4,MTCO2e,3.31,3.37,3.37,3.39,3.38,3.33,3.33,3.34,3.3,3.27,3.34,3.51,3.46,3.57,3.67,3.74,3.69,3.64,3.9,4.07,4.07,4.44,4.99,4.95,5.06,4.81,5.19,5.69,5.71
Lebanon,Total excluding LUCF,CH4,MTCO2e,3.25,3.17,3.1,3.03,2.98,2.92,2.86,2.79,2.68,2.65,2.6,2.54,2.5,2.44,2.39,2.35,2.3,2.25,2.21,2.07,1.93,1.78,1.65,1.49,1.36,1.33,1.29,1.26,1.21
Albania,Total excluding LUCF,CH4,MTCO2e,3.16,3.21,3.25,3.25,3.23,3.19,3.17,3.12,3.12,3.11,3.23,3.4,3.53,3.58,3.59,3.68,3.64,3.69,3.75,3.69,3.62,3.75,3.95,4.12,4.13,3.56,3.5,3.6,3.66
Lithuania,Total excluding LUCF,CH4,MTCO2e,3.15,3.23,3.32,3.42,3.45,3.54,3.66,3.68,3.85,3.9,4.03,4.19,4.19,4.23,4.27,4.23,4.17,4.14,4.39,4.58,4.85,4.99,5.0,5.16,5.58,6.28,7.35,7.06,7.13
Rwanda,Total excluding LUCF,CH4,MTCO2e,2.91,2.83,2.82,2.93,2.65,2.63,2.59,2.59,2.69,2.56,2.52,2.41,2.32,2.17,2.32,2.45,2.5,2.44,2.34,2.34,2.23,2.13,2.08,2.0,2.14,2.2,2.25,2.29,2.28
Macedonia,Total excluding LUCF,CH4,MTCO2e,2.52,2.52,2.49,2.46,2.42,2.39,2.38,2.43,2.38,2.34,2.4,2.35,2.35,2.32,2.37,2.33,2.21,2.24,2.28,2.23,2.33,2.36,2.39,2.39,2.35,2.43,2.41,2.62,2.67
Armenia,Total excluding LUCF,CH4,MTCO2e,2.43,2.51,2.57,2.56,2.54,2.5,2.42,2.37,2.37,2.31,2.31,2.24,2.15,2.07,2.04,1.98,1.93,1.88,1.83,1.95,2.1,2.3,2.46,2.61,2.77,2.94,3.17,3.42,3.59
Barbados,Total excluding LUCF,CH4,MTCO2e,2.35,2.34,2.33,2.33,2.32,2.31,2.31,2.3,2.3,2.29,2.28,2.27,2.27,2.27,2.27,2.27,2.27,2.28,2.28,2.27,2.26,2.25,2.24,2.23,2.22,2.19,2.15,2.11,2.07
Lesotho,Total excluding LUCF,CH4,MTCO2e,2.32,2.36,2.25,2.25,2.19,2.13,2.12,2.04,1.94,1.86,1.76,1.69,1.57,1.53,1.43,1.47,1.44,1.54,1.55,1.59,1.25,1.29,1.3,1.32,1.35,1.37,1.39,1.28,1.27
Burundi,Total excluding LUCF,CH4,MTCO2e,2.14,2.13,1.86,1.69,1.73,1.8,1.64,1.67,1.63,1.52,1.44,1.38,1.34,1.28,1.29,1.3,1.32,1.37,1.4,1.49,1.59,1.67,1.67,1.7,1.65,1.67,1.65,1.6,1.56
Grenada,Total excluding LUCF,CH4,MTCO2e,2.03,2.02,2.01,2.0,1.99,1.98,1.97,1.96,1.95,1.95,1.94,1.93,1.92,1.91,1.9,1.88,1.87,1.86,1.85,1.84,1.82,1.81,1.8,1.78,1.77,1.76,1.75,1.73,1.72
Slovenia,Total excluding LUCF,CH4,MTCO2e,1.98,2.0,2.01,1.96,1.92,2.05,2.11,2.18,2.2,2.2,2.31,2.34,2.38,2.42,2.46,2.52,2.48,2.47,2.42,2.39,2.5,2.52,2.54,2.52,2.5,2.54,2.54,2.79,2.86
Latvia,Total excluding LUCF,CH4,MTCO2e,1.94,1.96,1.99,1.98,2.05,1.99,1.97,1.92,1.98,2.0,2.07,2.05,2.05,2.06,2.04,2.1,2.17,2.13,2.11,2.23,2.34,2.44,2.55,2.59,2.85,3.93,4.55,4.02,4.03
Mauritius,Total excluding LUCF,CH4,MTCO2e,1.93,1.91,1.88,1.86,1.83,1.8,1.76,1.73,1.7,1.67,1.64,1.62,1.59,1.51,1.52,1.51,1.46,1.53,1.41,1.32,1.22,1.13,1.04,0.95,0.93,0.92,0.91,0.9,0.89
Gambia,Total excluding LUCF,CH4,MTCO2e,1.7,1.66,1.64,1.62,1.61,1.56,1.49,1.37,1.66,1.55,1.25,1.11,1.08,1.02,0.99,0.92,0.84,0.85,0.89,1.36,1.86,2.34,2.87,3.35,3.82,4.29,4.17,4.06,3.92
Guyana,Total excluding LUCF,CH4,MTCO2e,1.54,1.6,1.44,1.75,1.69,1.55,1.41,1.38,1.32,1.27,1.23,1.14,1.11,1.14,1.21,1.32,1.14,1.25,1.2,1.41,1.31,1.41,1.37,1.37,1.18,1.19,1.07,1.01,0.81
Guinea-Bissau,Total excluding LUCF,CH4,MTCO2e,1.5,1.49,1.45,1.42,1.34,1.39,1.39,1.29,1.31,1.25,1.19,1.21,1.2,1.11,1.12,1.16,1.16,1.14,1.0,0.99,0.92,0.91,0.93,0.96,0.94,0.92,0.91,0.88,0.88
Eswatini,Total excluding LUCF,CH4,MTCO2e,1.5,1.49,1.47,1.46,1.47,1.46,1.45,1.43,1.42,1.4,1.44,1.47,1.46,1.53,1.5,1.49,1.42,1.39,1.44,1.42,1.41,1.39,1.36,1.32,1.29,1.26,1.37,1.33,1.29
Suriname,Total excluding LUCF,CH4,MTCO2e,1.37,1.39,1.4,1.38,1.4,1.35,1.33,1.35,1.31,1.27,1.12,1.04,1.01,0.94,1.0,1.0,0.92,1.05,1.01,1.04,1.01,0.99,1.02,1.0,0.96,0.92,0.96,0.86,0.78
Trinidad and Tobago,Total excluding LUCF,CH4,MTCO2e,1.28,1.27,1.26,1.25,1.23,1.21,1.19,1.17,1.15,1.11,1.07,1.04,1.0,0.96,0.94,0.91,0.89,0.86,0.83,0.83,0.82,0.81,0.81,0.79,0.79,0.78,0.78,0.78,0.77
Gabon,Total excluding LUCF,CH4,MTCO2e,1.12,1.15,1.13,1.1,1.08,1.11,1.09,1.09,1.04,1.01,1.06,1.02,1.01,0.97,0.99,0.94,0.91,0.87,0.87,1.04,1.2,1.36,1.52,1.73,1.87,1.93,1.99,2.04,2.1
Estonia,Total excluding LUCF,CH4,MTCO2e,1.05,1.06,1.07,1.12,1.13,1.15,1.18,1.18,1.24,1.23,1.26,1.28,1.3,1.32,1.38,1.37,1.42,1.42,1.44,1.5,1.54,1.6,1.64,1.71,1.75,2.05,2.28,2.24,2.27
Bhutan,Total excluding LUCF,CH4,MTCO2e,0.86,0.87,0.87,0.87,0.88,0.91,0.9,0.9,0.9,0.9,0.85,0.92,0.9,0.91,0.84,0.83,0.82,0.82,0.86,0.88,0.85,0.85,0.85,0.86,0.81,0.81,0.81,0.84,0.83
Montenegro,Total excluding LUCF,CH4,MTCO2e,0.82,0.83,0.83,0.84,0.84,0.83,0.84,0.83,0.87,0.83,0.78,0.74,0.7,0.65,0.69,0.7,0.7,0.71,0.73,0.8,0.83,0.84,0.85,0.85,0.81,0.83,0.83,0.94,0.96
Jamaica,Total excluding LUCF,CH4,MTCO2e,0.78,0.79,0.8,0.83,0.83,0.83,0.83,0.83,0.82,0.82,0.83,0.83,0.87,1.09,1.11,1.17,1.13,1.13,1.12,1.11,1.1,1.09,1.11,1.15,1.13,1.16,1.17,1.11,1.07
Cyprus,Total excluding LUCF,CH4,MTCO2e,0.74,0.73,0.72,0.7,0.7,0.69,0.69,0.69,0.69,0.68,0.68,0.67,0.67,0.67,0.67,0.67,0.68,0.66,0.64,0.62,0.62,0.61,0.6,0.59,0.58,0.56,0.55,0.54,0.53
Djibouti,Total excluding LUCF,CH4,MTCO2e,0.69,0.68,0.68,0.68,0.68,0.67,0.67,0.67,0.66,0.66,0.66,0.66,0.65,0.66,0.65,0.64,0.64,0.64,0.63,0.62,0.59,0.58,0.56,0.54,0.5,0.48,0.47,0.47,0.46
Fiji,Total excluding LUCF,CH4,MTCO2e,0.67,0.66,0.63,0.62,1.02,0.97,0.92,0.87,0.82,0.83,0.84,0.85,0.85,0.86,0.86,0.85,0.85,0.88,0.87,0.86,0.88,0.89,0.89,0.89,0.86,0.82,0.78,0.76,0.74
Luxembourg,Total excluding LUCF,CH4,MTCO2e,0.54,0.55,0.55,0.55,0.55,0.54,0.53,0.54,0.56,0.56,0.56,0.56,0.55,0.55,0.56,0.56,0.58,0.58,0.57,0.6,0.58,0.58,0.59,0.59,0.59,0.6,0.6,0.61,0.6
Belize,Total excluding LUCF,CH4,MTCO2e,0.53,0.52,0.5,0.48,0.49,0.54,0.52,0.55,0.54,0.49,0.45,0.4,0.35,0.3,0.28,0.29,0.26,0.24,0.21,1.28,2.34,3.4,4.45,5.52,6.61,6.48,6.38,6.24,6.12
Iceland,Total excluding LUCF,CH4,MTCO2e,0.53,0.54,0.55,0.56,0.55,0.54,0.54,0.57,0.6,0.6,0.6,0.61,0.61,0.56,0.57,0.57,0.57,0.58,0.57,0.58,0.57,0.56,0.56,0.55,0.54,0.53,0.52,0.51,0.51
Vanuatu,Total excluding LUCF,CH4,MTCO2e,0.51,0.5,0.49,0.49,0.49,0.48,0.47,0.47,0.46,0.44,0.46,0.46,0.4,0.39,0.39,0.38,0.36,0.36,0.38,0.39,0.38,0.38,0.38,0.37,0.37,0.37,0.35,0.33,0.32
Solomon Islands,Total excluding LUCF,CH4,MTCO2e,0.41,0.41,0.4,0.39,0.38,0.38,0.37,0.36,0.35,0.35,0.34,0.33,0.33,0.32,0.31,0.3,0.29,0.29,0.28,0.28,0.27,0.26,0.26,0.25,0.25,0.24,0.24,0.23,0.22
Samoa,Total excluding LUCF,CH4,MTCO2e,0.3,0.3,0.3,0.31,0.3,0.29,0.28,0.28,0.28,0.27,0.26,0.26,0.27,0.27,0.27,0.26,0.26,0.26,0.25,0.25,0.25,0.24,0.24,0.24,0.25,0.21,0.21,0.21,0.21
Comoros,Total excluding LUCF,CH4,MTCO2e,0.27,0.27,0.28,0.27,0.26,0.26,0.25,0.24,0.23,0.22,0.21,0.19,0.21,0.19,0.19,0.19,0.19,0.19,0.17,0.19,0.19,0.19,0.18,0.18,0.18,0.18,0.17,0.17,0.17
Saint Lucia,Total excluding LUCF,CH4,MTCO2e,0.27,0.27,0.27,0.27,0.26,0.26,0.26,0.25,0.25,0.25,0.24,0.24,0.24,0.23,0.23,0.23,0.23,0.22,0.22,0.31,0.39,0.48,0.56,0.65,0.73,0.72,0.71,0.7,0.68
Bahamas,Total excluding LUCF,CH4,MTCO2e,0.23,0.23,0.23,0.23,0.22,0.23,0.22,0.22,0.21,0.21,0.21,0.21,0.2,0.2,0.21,0.19,0.19,0.18,0.18,0.18,0.18,0.18,0.17,0.17,0.17,0.17,0.17,0.16,0.16
Malta,Total excluding LUCF,CH4,MTCO2e,0.22,0.22,0.22,0.21,0.2,0.19,0.2,0.19,0.21,0.2,0.19,0.27,0.26,0.26,0.24,0.24,0.23,0.22,0.22,0.21,0.2,0.2,0.19,0.18,0.19,0.18,0.18,0.16,0.16
Antigua and Barbuda,Total excluding LUCF,CH4,MTCO2e,0.2,0.2,0.2,0.2,0.2,0.19,0.19,0.19,0.19,0.2,0.2,0.2,0.2,0.19,0.19,0.19,0.18,0.18,0.18,0.17,0.17,0.16,0.16,0.15,0.15,0.14,0.14,0.13,0.13
Maldives,Total excluding LUCF,CH4,MTCO2e,0.13,0.13,0.12,0.12,0.11,0.11,0.1,0.1,0.09,0.09,0.09,0.08,0.08,0.07,0.07,0.07,0.07,0.06,0.06,0.06,0.06,0.06,0.05,0.05,0.05,0.05,0.05,0.05,0.04
Cape Verde,Total excluding LUCF,CH4,MTCO2e,0.12,0.12,0.13,0.13,0.12,0.12,0.12,0.12,0.12,0.12,0.11,0.11,0.11,0.11,0.11,0.1,0.1,0.1,0.1,0.1,0.1,0.1,0.1,0.1,0.1,0.1,0.1,0.09,0.09
Tonga,Total excluding LUCF,CH4,MTCO2e,0.1,0.1,0.1,0.1,0.1,0.1,0.1,0.09,0.09,0.09,0.09,0.09,0.09,0.09,0.09,0.09,0.09,0.09,0.09,0.09,0.1,0.1,0.11,0.11,0.12,0.13,0.13,0.12,0.12
Seychelles,Total excluding LUCF,CH4,MTCO2e,0.09,0.09,0.09,0.09,0.09,0.09,0.09,0.09,0.09,0.08,0.08,0.08,0.08,0.08,0.08,0.08,0.08,0.07,0.07,0.07,0.07,0.07,0.06,0.06,0.06,0.06,0.06,0.06,0.06
Saint Kitts and Nevis,Total excluding LUCF,CH4,MTCO2e,0.08,0.08,0.08,0.08,0.08,0.08,0.08,0.08,0.08,0.08,0.08,0.08,0.08,0.08,0.08,0.07,0.07,0.07,0.07,0.07,0.07,0.07,0.07,0.07,0.07,0.07,0.07,0.07,0.07
Saint Vincent and the Grenadines,Total excluding LUCF,CH4,MTCO2e,0.07,0.07,0.07,0.07,0.07,0.07,0.07,0.07,0.07,0.07,0.07,0.07,0.07,0.07,0.07,0.07,0.07,0.07,0.07,0.07,0.07,0.07,0.07,0.07,0.07,0.07,0.07,0.07,0.07
Andorra,Total excluding LUCF,CH4,MTCO2e,0.05,0.05,0.05,0.05,0.05,0.05,0.05,0.05,0.05,0.05,0.05,0.05,0.04,0.04,0.04,0.04,0.04,0.03,0.03,0.03,0.03,0.03,0.03,0.03,0.03,0.03,0.02,0.02,0.02
Dominica,Total excluding LUCF,CH4,MTCO2e,0.05,0.05,0.04,0.04,0.04,0.04,0.04,0.04,0.04,0.04,0.04,0.04,0.04,0.04,0.04,0.04,0.04,0.04,0.04,0.05,0.06,0.07,0.08,0.09,0.1,0.1,0.1,0.1,0.1
Sao Tome and Principe,Total excluding LUCF,CH4,MTCO2e,0.03,0.03,0.03,0.03,0.03,0.02,0.02,0.02,0.02,0.02,0.02,0.02,0.02,0.02,0.03,0.03,0.03,0.03,0.04,0.04,0.04,0.04,0.04,0.04,0.04,0.04,0.04,0.04,0.04
Kiribati,Total excluding LUCF,CH4,MTCO2e,0.02,0.02,0.02,0.02,0.02,0.02,0.02,0.02,0.02,0.02,0.02,0.02,0.02,0.02,0.02,0.02,0.02,0.02,0.02,0.02,0.02,0.02,0.02,0.01,0.01,0.01,0.01,0.01,0.01
Liechtenstein,Total excluding LUCF,CH4,MTCO2e,0.02,0.02,0.02,0.02,0.02,0.02,0.02,0.02,0.02,0.02,0.02,0.02,0.02,0.02,0.02,0.02,0.02,0.02,0.02,0.02,0.02,0.02,0.02,0.02,0.02,0.02,0.02,0.02,0.02
Cook Islands,Total excluding LUCF,CH4,MTCO2e,0.01,0.01,0.01,0.01,0.01,0.01,0.01,0.01,0.01,0.01,0.01,0.01,0.01,0.01,0.01,0.01,0.01,0.01,0.01,0.01,0.02,0.02,0.02,0.01,0.01,0.01,0.01,0.01,0.01
Tuvalu,Total excluding LUCF,CH4,MTCO2e,0.01,0.01,0.01,0.01,0.01,0.01,0.01,0.01,0.01,0.01,0.01,0.01,0.01,0.01,0.01,0.01,0.01,0.01,0.01,0.01,0.01,0.01,0.01,0.01,0.01,0.01,0.01,0.01,0.01
Niue,Total excluding LUCF,CH4,MTCO2e,0.0,0.0,0.0,0.0,0.0,0.0,0.0,0.0,0.0,0.0,0.0,0.0,0.0,0.0,0.0,0.0,0.0,0.0,0.0,0.0,0.0,0.0,0.0,0.0,0.0,0.0,0.0,0.0,0.0
Nauru,Total excluding LUCF,CH4,MTCO2e,0.0,0.0,0.0,0.0,0.0,0.0,0.0,0.0,0.0,0.0,0.0,0.0,0.0,0.0,0.0,0.0,0.0,0.0,0.0,0.0,0.0,0.0,0.0,0.0,0.0,0.0,0.0,0.0,0.0
